<?xml version="1.0" encoding="UTF-8"?>
<project-private xmlns="http://www.netbeans.org/ns/project-private/1">
    <editor-bookmarks xmlns="http://www.netbeans.org/ns/editor-bookmarks/2" lastBookmarkId="0"/>
    <open-files xmlns="http://www.netbeans.org/ns/projectui-open-files/2">
        <group>
            <file>file:/Users/jones/NetBeansProjects/MLBaseball/src/mlbaseball/MLBaseball.java</file>
            <file>file:/Users/jones/NetBeansProjects/MLBaseball/src/mlbaseball/BaseballController.java</file>
        </group>
    </open-files>
</project-private>
